-- MySQL dump 10.13  Distrib 8.0.15, for Win64 (x86_64)
--
-- Host: localhost    Database: book_lending
-- ------------------------------------------------------
-- Server version	8.0.15

/*!40101 SET @OLD_CHARACTER_SET_CLIENT=@@CHARACTER_SET_CLIENT */;
/*!40101 SET @OLD_CHARACTER_SET_RESULTS=@@CHARACTER_SET_RESULTS */;
/*!40101 SET @OLD_COLLATION_CONNECTION=@@COLLATION_CONNECTION */;
 SET NAMES utf8mb4 ;
/*!40103 SET @OLD_TIME_ZONE=@@TIME_ZONE */;
/*!40103 SET TIME_ZONE='+00:00' */;
/*!40014 SET @OLD_UNIQUE_CHECKS=@@UNIQUE_CHECKS, UNIQUE_CHECKS=0 */;
/*!40014 SET @OLD_FOREIGN_KEY_CHECKS=@@FOREIGN_KEY_CHECKS, FOREIGN_KEY_CHECKS=0 */;
/*!40101 SET @OLD_SQL_MODE=@@SQL_MODE, SQL_MODE='NO_AUTO_VALUE_ON_ZERO' */;
/*!40111 SET @OLD_SQL_NOTES=@@SQL_NOTES, SQL_NOTES=0 */;

--
-- Table structure for table `bookinfo`
--

DROP TABLE IF EXISTS `bookinfo`;
/*!40101 SET @saved_cs_client     = @@character_set_client */;
 SET character_set_client = utf8mb4 ;
CREATE TABLE `bookinfo` (
  `bookinfo_id` int(11) NOT NULL AUTO_INCREMENT,
  `book_name` varchar(50) NOT NULL,
  `book_author` varchar(20) NOT NULL,
  `category_id` int(11) NOT NULL,
  PRIMARY KEY (`bookinfo_id`)
) ENGINE=InnoDB AUTO_INCREMENT=20 DEFAULT CHARSET=utf8mb4 COLLATE=utf8mb4_0900_ai_ci;
/*!40101 SET character_set_client = @saved_cs_client */;

--
-- Dumping data for table `bookinfo`
--

LOCK TABLES `bookinfo` WRITE;
/*!40000 ALTER TABLE `bookinfo` DISABLE KEYS */;
INSERT INTO `bookinfo` VALUES (1,'Javaプログラミング基礎','山田四郎',1),(2,'データベース入門','佐藤一郎',3),(3,'はじめてのWebアプリケーション','田中次郎',4),(4,'コンピュータリテラシー','鈴木三郎',4),(5,'アプリ開発に使えるPython基礎','高橋九郎',2),(6,'ながと豪傑物語','水上七郎',5),(7,'裏切りのネバーランド','黒井七瀬',6);
/*!40000 ALTER TABLE `bookinfo` ENABLE KEYS */;
UNLOCK TABLES;

--
-- Table structure for table `books`
--

DROP TABLE IF EXISTS `books`;
/*!40101 SET @saved_cs_client     = @@character_set_client */;
 SET character_set_client = utf8mb4 ;
CREATE TABLE `books` (
  `book_id` int(11) NOT NULL AUTO_INCREMENT,
  `bookinfo_id` int(11) NOT NULL,
  `library_id` int(11) NOT NULL,
  `status_id` int(11) NOT NULL,
  `is_deleted` tinyint(1) NOT NULL DEFAULT '0',
  PRIMARY KEY (`book_id`)
) ENGINE=InnoDB AUTO_INCREMENT=18 DEFAULT CHARSET=utf8mb4 COLLATE=utf8mb4_0900_ai_ci;
/*!40101 SET character_set_client = @saved_cs_client */;

--
-- Dumping data for table `books`
--

LOCK TABLES `books` WRITE;
/*!40000 ALTER TABLE `books` DISABLE KEYS */;
INSERT INTO `books` VALUES (1,1,1,1,0),(2,2,1,1,0),(3,3,2,1,0),(4,4,1,2,0),(5,5,1,3,0),(6,6,1,4,0),(7,1,1,2,0),(8,7,1,4,1);
/*!40000 ALTER TABLE `books` ENABLE KEYS */;
UNLOCK TABLES;

--
-- Table structure for table `categories`
--

DROP TABLE IF EXISTS `categories`;
/*!40101 SET @saved_cs_client     = @@character_set_client */;
 SET character_set_client = utf8mb4 ;
CREATE TABLE `categories` (
  `category_id` int(11) NOT NULL AUTO_INCREMENT,
  `category_name` varchar(10) NOT NULL,
  PRIMARY KEY (`category_id`)
) ENGINE=InnoDB AUTO_INCREMENT=7 DEFAULT CHARSET=utf8mb4 COLLATE=utf8mb4_0900_ai_ci;
/*!40101 SET character_set_client = @saved_cs_client */;

--
-- Dumping data for table `categories`
--

LOCK TABLES `categories` WRITE;
/*!40000 ALTER TABLE `categories` DISABLE KEYS */;
INSERT INTO `categories` VALUES (1,'Java'),(2,'Python'),(3,'データベース'),(4,'コンピュータ'),(5,'小説'),(6,'マンガ');
/*!40000 ALTER TABLE `categories` ENABLE KEYS */;
UNLOCK TABLES;

--
-- Table structure for table `customers`
--

DROP TABLE IF EXISTS `customers`;
/*!40101 SET @saved_cs_client     = @@character_set_client */;
 SET character_set_client = utf8mb4 ;
CREATE TABLE `customers` (
  `customer_id` int(11) NOT NULL AUTO_INCREMENT,
  `customer_name` varchar(20) NOT NULL,
  `customer_tel` varchar(20) NOT NULL,
  `customer_mail` varchar(50) NOT NULL,
  `customer_password` varchar(20) NOT NULL,
  `is_deleted` tinyint(1) NOT NULL DEFAULT '0',
  PRIMARY KEY (`customer_id`)
) ENGINE=InnoDB AUTO_INCREMENT=10 DEFAULT CHARSET=utf8mb4 COLLATE=utf8mb4_0900_ai_ci;
/*!40101 SET character_set_client = @saved_cs_client */;

--
-- Dumping data for table `customers`
--

LOCK TABLES `customers` WRITE;
/*!40000 ALTER TABLE `customers` DISABLE KEYS */;
INSERT INTO `customers` VALUES (1,'春野さくら','222-0000-0000','haruno@bbb.com','haruno',0),(2,'夏野うみ','222-0000-0001','natsuno@bbb.com','natsuno',0),(3,'秋野もみじ','222-0000-0002','akino@bbb.com','akino',0),(4,'冬野ゆき','222-0000-0003','fuyuno@bbb.com','fuyuno',0),(5,'冬野こたつ','222-0000-0004','kotatsu@example.com','kotatsu',1),(6,'夏野すいか','222-0000-0005','suika@example.com','suika',1),(7,'秋野さんま','222-0000-0006','sanma@example.com','sanma',1),(8,'春野くさもち','222-0000-0007','kusamochi@ccc.com','kusamochi',1),(9,'夏野','222-1111-0001','natsuno1@example.com','natsuno',0);
/*!40000 ALTER TABLE `customers` ENABLE KEYS */;
UNLOCK TABLES;

--
-- Table structure for table `histories`
--

DROP TABLE IF EXISTS `histories`;
/*!40101 SET @saved_cs_client     = @@character_set_client */;
 SET character_set_client = utf8mb4 ;
CREATE TABLE `histories` (
  `history_id` int(11) NOT NULL AUTO_INCREMENT,
  `history_date` varchar(10) NOT NULL,
  `book_id` int(11) NOT NULL,
  `customer_id` int(11) NOT NULL,
  `library_id` int(11) NOT NULL,
  `status_id` int(11) NOT NULL,
  PRIMARY KEY (`history_id`)
) ENGINE=InnoDB AUTO_INCREMENT=3 DEFAULT CHARSET=utf8mb4 COLLATE=utf8mb4_0900_ai_ci;
/*!40101 SET character_set_client = @saved_cs_client */;

--
-- Dumping data for table `histories`
--

LOCK TABLES `histories` WRITE;
/*!40000 ALTER TABLE `histories` DISABLE KEYS */;
INSERT INTO `histories` VALUES (1,'2023-01-03',1,1,1,2),(2,'2023-01-13',1,1,1,1);
/*!40000 ALTER TABLE `histories` ENABLE KEYS */;
UNLOCK TABLES;

--
-- Table structure for table `libraries`
--

DROP TABLE IF EXISTS `libraries`;
/*!40101 SET @saved_cs_client     = @@character_set_client */;
 SET character_set_client = utf8mb4 ;
CREATE TABLE `libraries` (
  `library_id` int(11) NOT NULL AUTO_INCREMENT,
  `library_name` varchar(20) NOT NULL,
  `library_tel` varchar(20) NOT NULL,
  `library_mail` varchar(50) NOT NULL,
  `library_password` varchar(20) NOT NULL,
  PRIMARY KEY (`library_id`)
) ENGINE=InnoDB AUTO_INCREMENT=3 DEFAULT CHARSET=utf8mb4 COLLATE=utf8mb4_0900_ai_ci;
/*!40101 SET character_set_client = @saved_cs_client */;

--
-- Dumping data for table `libraries`
--

LOCK TABLES `libraries` WRITE;
/*!40000 ALTER TABLE `libraries` DISABLE KEYS */;
INSERT INTO `libraries` VALUES (1,'うずまき図書館','000-0000-0000','uzumaki@aaa.com','uzumaki'),(2,'うちは図書館','111-1111-1111','uchiha@aaa.com','uchiha');
/*!40000 ALTER TABLE `libraries` ENABLE KEYS */;
UNLOCK TABLES;

--
-- Table structure for table `statuses`
--

DROP TABLE IF EXISTS `statuses`;
/*!40101 SET @saved_cs_client     = @@character_set_client */;
 SET character_set_client = utf8mb4 ;
CREATE TABLE `statuses` (
  `status_id` int(11) NOT NULL AUTO_INCREMENT,
  `status_name` varchar(5) NOT NULL,
  PRIMARY KEY (`status_id`)
) ENGINE=InnoDB AUTO_INCREMENT=5 DEFAULT CHARSET=utf8mb4 COLLATE=utf8mb4_0900_ai_ci;
/*!40101 SET character_set_client = @saved_cs_client */;

--
-- Dumping data for table `statuses`
--

LOCK TABLES `statuses` WRITE;
/*!40000 ALTER TABLE `statuses` DISABLE KEYS */;
INSERT INTO `statuses` VALUES (1,'返却済み'),(2,'貸出中'),(3,'予約済み'),(4,'不可');
/*!40000 ALTER TABLE `statuses` ENABLE KEYS */;
UNLOCK TABLES;
/*!40103 SET TIME_ZONE=@OLD_TIME_ZONE */;

/*!40101 SET SQL_MODE=@OLD_SQL_MODE */;
/*!40014 SET FOREIGN_KEY_CHECKS=@OLD_FOREIGN_KEY_CHECKS */;
/*!40014 SET UNIQUE_CHECKS=@OLD_UNIQUE_CHECKS */;
/*!40101 SET CHARACTER_SET_CLIENT=@OLD_CHARACTER_SET_CLIENT */;
/*!40101 SET CHARACTER_SET_RESULTS=@OLD_CHARACTER_SET_RESULTS */;
/*!40101 SET COLLATION_CONNECTION=@OLD_COLLATION_CONNECTION */;
/*!40111 SET SQL_NOTES=@OLD_SQL_NOTES */;

-- Dump completed on 2023-01-19 10:14:53
